episode_id,character_id,season,year
1,1,1,1990
1,2,1,1990
1,3,1,1990
1,4,1,1990
1,32,1,1990
1,33,1,1990
1,34,1,1990
1,35,1,1990
1,36,1,1990
1,37,1,1990
1,38,1,1990
1,39,1,1990
1,40,1,1990
1,41,1,1990
1,42,1,1990
1,43,1,1990
1,44,1,1990
1,45,1,1990
1,46,1,1990
2,1,1,1990
2,2,1,1990
2,3,1,1990
2,4,1,1990
2,103,1,1990
2,104,1,1990
2,105,1,1990
2,106,1,1990
2,149,1,1990
3,1,1,1990
3,4,1,1990
3,24,1,1990
3,25,1,1990
3,26,1,1990
3,27,1,1990
3,35,1,1990
3,103,1,1990
4,1,1,1990
4,2,1,1990
4,3,1,1990
4,4,1,1990
4,35,1,1990
4,68,1,1990
5,1,1,1990
5,2,1,1990
5,3,1,1990
5,4,1,1990
5,92,1,1990
5,94,1,1990
5,95,1,1990
5,96,1,1990
6,1,1,1990
6,2,1,1990
6,3,1,1990
6,4,1,1990
6,47,1,1990
6,48,1,1990
7,1,1,1990
7,2,1,1990
7,3,1,1990
7,4,1,1990
7,5,1,1990
7,74,1,1990
7,75,1,1990
7,150,1,1990
8,1,1,1990
8,2,1,1990
8,3,1,1990
8,7,1,1990
8,8,1,1990
8,9,1,1990
8,10,1,1990
8,11,1,1990
8,12,1,1990
8,13,1,1990
8,14,1,1990
9,1,1,1990
9,2,1,1990
9,3,1,1990
9,4,1,1990
9,33,1,1990
9,34,1,1990
9,112,1,1990
9,113,1,1990
9,151,1,1990
10,1,1,1990
10,2,1,1990
10,3,1,1990
10,46,1,1990
10,55,1,1990
10,56,1,1990
10,152,1,1990
11,1,1,1990
11,2,1,1990
11,3,1,1990
11,46,1,1990
11,131,1,1990
11,154,1,1990
12,1,1,1990
12,3,1,1990
12,4,1,1990
12,5,1,1990
12,13,1,1990
12,33,1,1990
12,34,1,1990
12,50,1,1990
12,51,1,1990
12,52,1,1990
12,91,1,1990
12,110,1,1990
13,1,1,1990
13,2,1,1990
13,3,1,1990
13,4,1,1990
13,5,1,1990
13,90,1,1990
13,155,1,1990
14,1,2,1991
14,2,2,1991
14,3,2,1991
14,4,2,1991
14,46,2,1991
14,75,2,1991
14,103,2,1991
14,104,2,1991
14,105,2,1991
15,1,2,1991
15,2,2,1991
15,3,2,1991
15,35,2,1991
15,43,2,1991
15,112,2,1991
15,156,2,1991
16,1,2,1991
16,2,2,1991
16,3,2,1991
16,4,2,1991
16,5,2,1991
16,157,2,1991
17,1,2,1991
17,2,2,1991
17,3,2,1991
17,4,2,1991
17,18,2,1991
17,19,2,1991
17,24,2,1991
17,35,2,1991
18,1,2,1991
18,35,2,1991
18,54,2,1991
19,1,2,1991
19,2,2,1991
19,3,2,1991
19,4,2,1991
19,5,2,1991
19,36,2,1991
19,73,2,1991
20,1,2,1991
20,2,2,1991
20,3,2,1991
20,4,2,1991
20,33,2,1991
20,34,2,1991
20,41,2,1991
20,50,2,1991
21,1,2,1991
21,3,2,1991
21,4,2,1991
21,98,2,1991
21,99,2,1991
22,1,2,1991
22,2,2,1991
22,3,2,1991
22,4,2,1991
22,5,2,1991
22,91,2,1991
22,110,2,1991
22,119,2,1991
23,1,2,1991
23,2,2,1991
23,3,2,1991
23,4,2,1991
23,28,2,1991
23,29,2,1991
23,30,2,1991
23,35,2,1991
23,98,2,1991
23,296,2,1991
24,1,2,1991
24,2,2,1991
24,3,2,1991
24,4,2,1991
24,5,2,1991
24,6,2,1991
24,35,2,1991
24,38,2,1991
24,98,2,1991
24,103,2,1991
24,158,2,1991
24,159,2,1991
25,1,2,1991
25,2,2,1991
25,33,2,1991
25,34,2,1991
25,38,2,1991
25,145,2,1991
25,146,2,1991
25,147,2,1991
26,1,2,1991
26,2,2,1991
26,3,2,1991
26,4,2,1991
26,5,2,1991
26,11,2,1991
26,36,2,1991
26,120,2,1991
26,121,2,1991
26,137,2,1991
27,1,2,1991
27,2,2,1991
27,3,2,1991
27,33,2,1991
27,34,2,1991
27,38,2,1991
27,42,2,1991
27,122,2,1991
27,123,2,1991
28,1,2,1991
28,2,2,1991
28,3,2,1991
28,4,2,1991
28,5,2,1991
28,129,2,1991
28,130,2,1991
29,1,2,1991
29,2,2,1991
29,3,2,1991
29,4,2,1991
29,36,2,1991
29,41,2,1991
29,160,2,1991
30,1,2,1991
30,4,2,1991
30,21,2,1991
30,29,2,1991
30,80,2,1991
30,81,2,1991
30,161,2,1991
31,1,2,1991
31,2,2,1991
31,3,2,1991
31,4,2,1991
31,5,2,1991
31,35,2,1991
31,100,2,1991
31,110,2,1991
31,162,2,1991
32,1,2,1991
32,2,2,1991
32,3,2,1991
32,4,2,1991
32,26,2,1991
32,32,2,1991
32,103,2,1991
32,163,2,1991
33,1,2,1991
33,2,2,1991
33,3,2,1991
33,4,2,1991
33,11,2,1991
33,73,2,1991
33,132,2,1991
34,2,2,1991
34,3,2,1991
34,41,2,1991
34,46,2,1991
34,59,2,1991
34,60,2,1991
34,106,2,1991
35,1,2,1991
35,2,2,1991
35,3,2,1991
35,35,2,1991
35,43,2,1991
36,1,3,1992
36,2,3,1992
36,3,3,1992
36,4,3,1992
36,35,3,1992
36,46,3,1992
36,68,3,1992
36,164,3,1992
37,1,3,1992
37,3,3,1992
37,4,3,1992
37,165,3,1992
38,1,3,1992
38,3,3,1992
38,4,3,1992
38,35,3,1992
38,36,3,1992
38,45,3,1992
39,1,3,1992
39,2,3,1992
39,3,3,1992
39,42,3,1992
39,52,3,1992
39,71,3,1992
40,1,3,1992
40,2,3,1992
40,3,3,1992
40,4,3,1992
40,5,3,1992
40,15,3,1992
40,16,3,1992
40,35,3,1992
40,46,3,1992
41,3,3,1992
41,4,3,1992
41,46,3,1992
41,91,3,1992
41,107,3,1992
41,108,3,1992
41,109,3,1992
41,110,3,1992
42,1,3,1992
42,2,3,1992
42,3,3,1992
42,4,3,1992
42,5,3,1992
42,9,3,1992
42,10,3,1992
42,35,3,1992
42,36,3,1992
42,43,3,1992
42,45,3,1992
42,68,3,1992
42,110,3,1992
43,1,3,1992
43,2,3,1992
43,3,3,1992
43,4,3,1992
43,12,3,1992
43,35,3,1992
43,45,3,1992
43,55,3,1992
43,65,3,1992
44,1,3,1992
44,2,3,1992
44,3,3,1992
44,95,3,1992
44,120,3,1992
45,1,3,1992
45,3,3,1992
45,33,3,1992
45,34,3,1992
45,45,3,1992
45,110,3,1992
45,168,3,1992
46,1,3,1992
46,3,3,1992
46,35,3,1992
46,43,3,1992
46,169,3,1992
47,1,3,1992
47,2,3,1992
47,3,3,1992
47,4,3,1992
47,5,3,1992
47,33,3,1992
47,34,3,1992
47,98,3,1992
48,1,3,1992
48,2,3,1992
48,3,3,1992
48,4,3,1992
48,55,3,1992
48,110,3,1992
48,123,3,1992
49,1,3,1992
49,2,3,1992
49,3,3,1992
49,4,3,1992
49,8,3,1992
49,38,3,1992
50,1,3,1992
50,2,3,1992
50,3,3,1992
50,4,3,1992
50,5,3,1992
50,33,3,1992
50,34,3,1992
50,38,3,1992
50,75,3,1992
50,128,3,1992
51,1,3,1992
51,2,3,1992
51,3,3,1992
51,36,3,1992
51,37,3,1992
51,41,3,1992
51,55,3,1992
51,103,3,1992
52,1,3,1992
52,35,3,1992
52,38,3,1992
52,43,3,1992
53,2,3,1992
53,3,3,1992
53,4,3,1992
53,42,3,1992
53,46,3,1992
53,132,3,1992
54,1,3,1992
54,2,3,1992
54,3,3,1992
54,4,3,1992
54,35,3,1992
54,41,3,1992
54,135,3,1992
54,136,3,1992
55,1,3,1992
55,2,3,1992
55,3,3,1992
55,4,3,1992
55,5,3,1992
55,115,3,1992
56,1,3,1992
56,2,3,1992
56,3,3,1992
56,4,3,1992
56,13,3,1992
56,27,3,1992
56,33,3,1992
56,34,3,1992
56,110,3,1992
57,1,3,1992
57,2,3,1992
57,3,3,1992
57,14,3,1992
57,25,3,1992
57,33,3,1992
57,42,3,1992
57,46,3,1992
58,1,3,1992
58,2,3,1992
58,3,3,1992
58,4,3,1992
58,46,3,1992
58,142,3,1992
58,170,3,1992
59,1,3,1992
59,2,3,1992
59,3,3,1992
59,4,3,1992
59,35,3,1992
60,1,4,1993
60,2,4,1993
60,3,4,1993
60,4,4,1993
60,8,4,1993
60,9,4,1993
60,10,4,1993
60,38,4,1993
60,50,4,1993
60,103,4,1993
60,110,4,1993
60,171,4,1993
61,1,4,1993
61,2,4,1993
61,3,4,1993
61,4,4,1993
61,5,4,1993
61,36,4,1993
61,172,4,1993
61,173,4,1993
62,1,4,1993
62,2,4,1993
62,11,4,1993
62,12,4,1993
62,27,4,1993
62,36,4,1993
62,38,4,1993
62,110,4,1993
62,123,4,1993
63,1,4,1993
63,2,4,1993
63,4,4,1993
63,38,4,1993
63,75,4,1993
63,174,4,1993
63,175,4,1993
64,1,4,1993
64,2,4,1993
64,3,4,1993
64,4,4,1993
64,35,4,1993
64,36,4,1993
64,41,4,1993
64,42,4,1993
64,43,4,1993
64,44,4,1993
64,46,4,1993
64,55,4,1993
64,75,4,1993
64,95,4,1993
64,103,4,1993
64,106,4,1993
64,110,4,1993
64,119,4,1993
65,1,4,1993
65,2,4,1993
65,3,4,1993
65,4,4,1993
65,5,4,1993
65,53,4,1993
65,91,4,1993
65,100,4,1993
65,103,4,1993
66,1,4,1993
66,2,4,1993
66,3,4,1993
66,29,4,1993
66,35,4,1993
66,103,4,1993
66,110,4,1993
66,123,4,1993
66,405,4,1993
67,1,4,1993
67,2,4,1993
67,3,4,1993
67,4,4,1993
67,9,4,1993
67,29,4,1993
67,45,4,1993
67,116,4,1993
67,117,4,1993
67,176,4,1993
68,1,4,1993
68,2,4,1993
68,4,4,1993
68,38,4,1993
68,75,4,1993
68,407,4,1993
69,1,4,1993
69,2,4,1993
69,3,4,1993
69,4,4,1993
69,5,4,1993
69,36,4,1993
69,110,4,1993
70,1,4,1993
70,2,4,1993
70,4,4,1993
70,30,4,1993
70,33,4,1993
70,34,4,1993
70,35,4,1993
70,43,4,1993
70,98,4,1993
70,177,4,1993
71,1,4,1993
71,2,4,1993
71,3,4,1993
71,4,4,1993
71,35,4,1993
71,178,4,1993
71,179,4,1993
72,1,4,1993
72,2,4,1993
72,3,4,1993
72,4,4,1993
72,33,4,1993
72,34,4,1993
72,38,4,1993
72,55,4,1993
72,120,4,1993
72,122,4,1993
72,123,4,1993
73,1,4,1993
73,2,4,1993
73,3,4,1993
73,4,4,1993
73,42,4,1993
73,91,4,1993
73,180,4,1993
73,181,4,1993
74,1,4,1993
74,4,4,1993
74,110,4,1993
74,123,4,1993
74,138,4,1993
74,182,4,1993
74,183,4,1993
75,1,4,1993
75,2,4,1993
75,3,4,1993
75,4,4,1993
75,38,4,1993
75,42,4,1993
75,144,4,1993
76,1,4,1993
76,2,4,1993
76,4,4,1993
76,35,4,1993
76,43,4,1993
76,55,4,1993
76,185,4,1993
77,1,4,1993
77,2,4,1993
77,3,4,1993
77,4,4,1993
77,35,4,1993
77,55,4,1993
78,1,4,1993
78,2,4,1993
78,3,4,1993
78,4,4,1993
78,36,4,1993
78,91,4,1993
78,92,4,1993
78,110,4,1993
79,2,4,1993
79,3,4,1993
79,4,4,1993
79,8,4,1993
79,9,4,1993
79,10,4,1993
79,42,4,1993
79,50,4,1993
79,58,4,1993
79,75,4,1993
79,91,4,1993
79,95,4,1993
79,123,4,1993
80,1,4,1993
80,2,4,1993
80,3,4,1993
80,4,4,1993
80,27,4,1993
80,29,4,1993
80,75,4,1993
81,1,4,1993
81,3,4,1993
81,4,4,1993
81,21,4,1993
81,50,4,1993
81,91,4,1993
81,110,4,1993
81,119,4,1993
82,1,5,1994
82,2,5,1994
82,3,5,1994
82,4,5,1994
82,12,5,1994
82,27,5,1994
82,38,5,1994
82,42,5,1994
82,413,5,1994
83,1,5,1994
83,2,5,1994
83,3,5,1994
83,4,5,1994
83,5,5,1994
83,13,5,1994
83,21,5,1994
83,27,5,1994
83,41,5,1994
83,44,5,1994
83,92,5,1994
84,1,5,1994
84,2,5,1994
84,3,5,1994
84,22,5,1994
84,35,5,1994
84,188,5,1994
85,1,5,1994
85,3,5,1994
85,5,5,1994
85,35,5,1994
85,43,5,1994
86,1,5,1994
86,2,5,1994
86,3,5,1994
86,4,5,1994
86,29,5,1994
86,35,5,1994
86,36,5,1994
86,41,5,1994
86,46,5,1994
86,55,5,1994
86,92,5,1994
86,112,5,1994
86,141,5,1994
86,187,5,1994
87,1,5,1994
87,2,5,1994
87,3,5,1994
87,4,5,1994
87,5,5,1994
87,27,5,1994
87,29,5,1994
87,117,5,1994
88,1,5,1994
88,2,5,1994
88,3,5,1994
88,4,5,1994
88,11,5,1994
88,33,5,1994
88,36,5,1994
88,110,5,1994
88,132,5,1994
88,189,5,1994
89,1,5,1994
89,3,5,1994
89,12,5,1994
89,36,5,1994
89,46,5,1994
89,110,5,1994
90,1,5,1994
90,2,5,1994
90,3,5,1994
90,35,5,1994
90,38,5,1994
90,55,5,1994
90,95,5,1994
90,190,5,1994
91,1,5,1994
91,2,5,1994
91,3,5,1994
91,4,5,1994
91,35,5,1994
91,42,5,1994
91,75,5,1994
92,1,5,1994
92,4,5,1994
92,27,5,1994
92,191,5,1994
93,2,5,1994
93,3,5,1994
93,4,5,1994
93,35,5,1994
93,36,5,1994
93,38,5,1994
93,50,5,1994
93,95,5,1994
93,110,5,1994
93,119,5,1994
94,1,5,1994
94,2,5,1994
94,4,5,1994
94,12,5,1994
94,50,5,1994
94,98,5,1994
95,4,5,1994
95,43,5,1994
95,98,5,1994
95,110,5,1994
95,192,5,1994
96,1,5,1994
96,2,5,1994
96,35,5,1994
96,38,5,1994
96,55,5,1994
96,91,5,1994
96,193,5,1994
97,1,5,1994
97,3,5,1994
97,4,5,1994
97,27,5,1994
97,36,5,1994
98,1,5,1994
98,2,5,1994
98,3,5,1994
98,4,5,1994
98,38,5,1994
98,133,5,1994
98,171,5,1994
99,1,5,1994
99,2,5,1994
99,3,5,1994
99,4,5,1994
99,35,5,1994
99,46,5,1994
99,95,5,1994
99,104,5,1994
99,122,5,1994
100,3,5,1994
100,36,5,1994
100,41,5,1994
100,42,5,1994
100,58,5,1994
100,82,5,1994
100,83,5,1994
100,84,5,1994
100,123,5,1994
100,138,5,1994
101,1,5,1994
101,2,5,1994
101,3,5,1994
101,4,5,1994
101,6,5,1994
101,12,5,1994
101,21,5,1994
101,33,5,1994
101,36,5,1994
101,42,5,1994
101,75,5,1994
101,103,5,1994
101,113,5,1994
101,122,5,1994
101,194,5,1994
102,1,5,1994
102,2,5,1994
102,3,5,1994
102,35,5,1994
102,47,5,1994
102,91,5,1994
102,92,5,1994
103,1,5,1994
103,2,5,1994
103,3,5,1994
103,4,5,1994
103,11,5,1994
103,45,5,1994
103,55,5,1994
104,1,6,1995
104,3,6,1995
104,4,6,1995
104,36,6,1995
104,95,6,1995
104,104,6,1995
105,1,6,1995
105,3,6,1995
105,4,6,1995
105,42,6,1995
105,138,6,1995
106,1,6,1995
106,2,6,1995
106,91,6,1995
107,1,6,1995
107,2,6,1995
107,3,6,1995
107,4,6,1995
107,80,6,1995
107,91,6,1995
108,1,6,1995
108,3,6,1995
108,4,6,1995
108,13,6,1995
108,20,6,1995
108,34,6,1995
108,42,6,1995
108,43,6,1995
108,44,6,1995
108,75,6,1995
108,110,6,1995
109,1,6,1995
109,2,6,1995
109,3,6,1995
109,4,6,1995
109,5,6,1995
109,9,6,1995
109,33,6,1995
109,34,6,1995
109,36,6,1995
109,41,6,1995
109,42,6,1995
109,45,6,1995
109,46,6,1995
109,65,6,1995
109,123,6,1995
110,1,6,1995
110,2,6,1995
110,3,6,1995
110,4,6,1995
110,11,6,1995
110,123,6,1995
110,197,6,1995
111,1,6,1995
111,2,6,1995
111,3,6,1995
111,4,6,1995
111,5,6,1995
111,9,6,1995
111,12,6,1995
111,27,6,1995
111,42,6,1995
112,1,6,1995
112,2,6,1995
112,3,6,1995
112,4,6,1995
112,5,6,1995
112,123,6,1995
112,198,6,1995
113,1,6,1995
113,2,6,1995
113,3,6,1995
113,4,6,1995
114,1,6,1995
114,2,6,1995
114,4,6,1995
114,45,6,1995
114,201,6,1995
114,202,6,1995
115,1,6,1995
115,2,6,1995
115,4,6,1995
115,45,6,1995
115,55,6,1995
115,112,6,1995
115,203,6,1995
116,1,6,1995
116,2,6,1995
116,3,6,1995
116,4,6,1995
116,5,6,1995
116,33,6,1995
116,34,6,1995
116,35,6,1995
116,38,6,1995
117,1,6,1995
117,3,6,1995
117,4,6,1995
117,36,6,1995
117,45,6,1995
117,62,6,1995
117,80,6,1995
118,1,6,1995
118,71,6,1995
118,110,6,1995
118,204,6,1995
119,1,6,1995
119,2,6,1995
119,3,6,1995
119,4,6,1995
119,205,6,1995
120,1,6,1995
120,2,6,1995
120,3,6,1995
120,4,6,1995
120,33,6,1995
120,34,6,1995
120,206,6,1995
121,1,6,1995
121,2,6,1995
121,12,6,1995
121,35,6,1995
121,38,6,1995
121,43,6,1995
121,45,6,1995
121,50,6,1995
121,75,6,1995
121,110,6,1995
122,1,6,1995
122,2,6,1995
122,3,6,1995
122,4,6,1995
122,5,6,1995
122,46,6,1995
122,120,6,1995
122,207,6,1995
122,208,6,1995
123,1,6,1995
123,2,6,1995
123,3,6,1995
123,4,6,1995
123,35,6,1995
123,41,6,1995
123,43,6,1995
124,1,6,1995
124,2,6,1995
124,3,6,1995
124,4,6,1995
124,8,6,1995
124,9,6,1995
124,10,6,1995
124,21,6,1995
124,42,6,1995
124,46,6,1995
124,103,6,1995
124,132,6,1995
125,1,6,1995
125,2,6,1995
125,3,6,1995
125,4,6,1995
125,29,6,1995
125,30,6,1995
125,48,6,1995
125,59,6,1995
125,98,6,1995
125,103,6,1995
125,110,6,1995
125,123,6,1995
126,1,6,1995
126,2,6,1995
126,3,6,1995
126,4,6,1995
126,12,6,1995
126,27,6,1995
126,29,6,1995
126,38,6,1995
126,45,6,1995
126,55,6,1995
126,112,6,1995
126,132,6,1995
127,1,6,1995
127,2,6,1995
127,3,6,1995
127,14,6,1995
127,46,6,1995
127,62,6,1995
127,95,6,1995
127,209,6,1995
128,1,6,1995
128,2,6,1995
128,3,6,1995
128,4,6,1995
128,5,6,1995
128,27,6,1995
128,35,6,1995
128,38,6,1995
128,41,6,1995
128,42,6,1995
128,43,6,1995
128,45,6,1995
128,55,6,1995
128,58,6,1995
128,112,6,1995
128,119,6,1995
128,123,6,1995
129,1,7,1996
129,2,7,1996
129,3,7,1996
129,4,7,1996
129,5,7,1996
129,27,7,1996
129,35,7,1996
129,38,7,1996
129,41,7,1996
129,42,7,1996
129,43,7,1996
129,45,7,1996
129,55,7,1996
129,58,7,1996
129,112,7,1996
129,119,7,1996
129,123,7,1996
130,3,7,1996
130,4,7,1996
130,46,7,1996
130,75,7,1996
130,106,7,1996
130,146,7,1996
131,1,7,1996
131,2,7,1996
131,3,7,1996
131,4,7,1996
131,5,7,1996
131,73,7,1996
132,3,7,1996
132,4,7,1996
132,11,7,1996
132,41,7,1996
132,44,7,1996
132,45,7,1996
132,46,7,1996
132,59,7,1996
132,91,7,1996
133,1,7,1996
133,2,7,1996
133,3,7,1996
133,4,7,1996
133,12,7,1996
133,42,7,1996
133,48,7,1996
133,120,7,1996
134,1,7,1996
134,2,7,1996
134,3,7,1996
134,4,7,1996
134,5,7,1996
134,11,7,1996
134,27,7,1996
134,33,7,1996
134,34,7,1996
134,36,7,1996
134,80,7,1996
134,98,7,1996
134,110,7,1996
134,123,7,1996
135,1,7,1996
135,2,7,1996
135,35,7,1996
136,1,7,1996
136,2,7,1996
136,3,7,1996
136,4,7,1996
136,35,7,1996
137,1,7,1996
137,3,7,1996
137,4,7,1996
137,13,7,1996
137,27,7,1996
137,34,7,1996
137,75,7,1996
137,110,7,1996
137,211,7,1996
138,1,7,1996
138,5,7,1996
138,12,7,1996
138,35,7,1996
138,43,7,1996
138,48,7,1996
138,68,7,1996
138,110,7,1996
138,120,7,1996
139,1,7,1996
139,2,7,1996
139,3,7,1996
139,9,7,1996
139,16,7,1996
139,46,7,1996
139,95,7,1996
139,212,7,1996
140,1,7,1996
140,12,7,1996
140,25,7,1996
140,35,7,1996
140,45,7,1996
141,1,7,1996
141,2,7,1996
141,3,7,1996
141,36,7,1996
141,64,7,1996
142,1,7,1996
142,2,7,1996
142,4,7,1996
142,5,7,1996
142,35,7,1996
142,43,7,1996
142,92,7,1996
142,110,7,1996
142,134,7,1996
143,1,7,1996
143,2,7,1996
143,3,7,1996
143,4,7,1996
143,110,7,1996
144,1,7,1996
144,2,7,1996
144,4,7,1996
144,14,7,1996
144,36,7,1996
144,75,7,1996
144,100,7,1996
144,213,7,1996
145,1,7,1996
145,35,7,1996
145,43,7,1996
145,112,7,1996
146,2,7,1996
146,3,7,1996
146,4,7,1996
146,29,7,1996
146,59,7,1996
146,91,7,1996
146,214,7,1996
147,1,7,1996
147,2,7,1996
147,3,7,1996
147,27,7,1996
147,33,7,1996
147,34,7,1996
147,120,7,1996
147,215,7,1996
148,1,7,1996
148,2,7,1996
148,3,7,1996
148,4,7,1996
148,33,7,1996
148,34,7,1996
148,42,7,1996
148,46,7,1996
148,95,7,1996
149,1,7,1996
149,2,7,1996
149,3,7,1996
149,4,7,1996
149,5,7,1996
149,11,7,1996
149,12,7,1996
149,27,7,1996
149,29,7,1996
149,30,7,1996
149,35,7,1996
149,38,7,1996
149,43,7,1996
149,45,7,1996
149,46,7,1996
149,58,7,1996
149,60,7,1996
149,80,7,1996
149,92,7,1996
149,95,7,1996
149,110,7,1996
149,132,7,1996
150,1,7,1996
150,2,7,1996
150,3,7,1996
150,35,7,1996
150,36,7,1996
150,38,7,1996
150,43,7,1996
150,92,7,1996
151,1,7,1996
151,4,7,1996
151,12,7,1996
151,71,7,1996
151,75,7,1996
151,123,7,1996
151,126,7,1996
152,1,7,1996
152,3,7,1996
152,4,7,1996
153,1,7,1996
153,2,7,1996
153,3,7,1996
153,4,7,1996
153,36,7,1996
153,46,7,1996
153,216,7,1996
154,1,8,1997
154,2,8,1997
154,3,8,1997
154,4,8,1997
154,98,8,1997
155,1,8,1997
155,2,8,1997
155,3,8,1997
155,4,8,1997
155,43,8,1997
155,217,8,1997
156,1,8,1997
156,2,8,1997
156,3,8,1997
156,8,8,1997
156,9,8,1997
156,10,8,1997
156,45,8,1997
156,59,8,1997
156,137,8,1997
156,218,8,1997
156,436,8,1997
157,1,8,1997
157,2,8,1997
157,35,8,1997
157,43,8,1997
157,219,8,1997
158,1,8,1997
158,2,8,1997
158,3,8,1997
158,4,8,1997
158,21,8,1997
158,42,8,1997
158,91,8,1997
158,220,8,1997
159,1,8,1997
159,2,8,1997
159,3,8,1997
159,4,8,1997
159,16,8,1997
159,46,8,1997
159,221,8,1997
160,1,8,1997
160,4,8,1997
160,8,8,1997
160,9,8,1997
160,10,8,1997
160,27,8,1997
160,42,8,1997
160,46,8,1997
160,58,8,1997
160,95,8,1997
160,123,8,1997
161,1,8,1997
161,2,8,1997
161,4,8,1997
161,36,8,1997
161,222,8,1997
162,1,8,1997
162,2,8,1997
163,1,8,1997
163,2,8,1997
163,3,8,1997
163,4,8,1997
163,30,8,1997
163,35,8,1997
163,43,8,1997
163,45,8,1997
164,1,8,1997
164,2,8,1997
164,3,8,1997
164,4,8,1997
164,35,8,1997
164,71,8,1997
164,224,8,1997
165,1,8,1997
165,3,8,1997
165,4,8,1997
165,35,8,1997
165,43,8,1997
165,112,8,1997
166,1,8,1997
166,2,8,1997
166,3,8,1997
166,4,8,1997
166,5,8,1997
166,35,8,1997
166,38,8,1997
166,98,8,1997
166,225,8,1997
167,1,8,1997
167,2,8,1997
167,3,8,1997
167,4,8,1997
167,91,8,1997
167,110,8,1997
167,120,8,1997
167,124,8,1997
167,125,8,1997
167,226,8,1997
168,1,8,1997
168,2,8,1997
168,3,8,1997
168,4,8,1997
168,38,8,1997
168,45,8,1997
169,3,8,1997
169,4,8,1997
169,11,8,1997
169,13,8,1997
169,27,8,1997
169,110,8,1997
169,140,8,1997
170,1,8,1997
170,2,8,1997
170,3,8,1997
170,4,8,1997
170,5,8,1997
170,30,8,1997
170,98,8,1997
170,110,8,1997
171,1,8,1997
171,2,8,1997
171,3,8,1997
171,4,8,1997
171,27,8,1997
171,36,8,1997
171,45,8,1997
171,71,8,1997
171,75,8,1997
172,3,8,1997
172,4,8,1997
172,27,8,1997
172,42,8,1997
172,46,8,1997
172,58,8,1997
172,103,8,1997
172,104,8,1997
173,1,8,1997
173,2,8,1997
173,3,8,1997
173,4,8,1997
173,11,8,1997
173,27,8,1997
173,41,8,1997
173,82,8,1997
173,229,8,1997
174,1,8,1997
174,4,8,1997
174,35,8,1997
174,43,8,1997
174,112,8,1997
175,1,8,1997
175,2,8,1997
175,3,8,1997
175,4,8,1997
175,8,8,1997
175,9,8,1997
175,10,8,1997
175,11,8,1997
175,36,8,1997
176,1,8,1997
176,2,8,1997
176,3,8,1997
176,35,8,1997
176,43,8,1997
176,46,8,1997
176,50,8,1997
176,55,8,1997
176,112,8,1997
176,138,8,1997
176,230,8,1997
177,1,8,1997
177,2,8,1997
177,3,8,1997
177,4,8,1997
177,5,8,1997
177,8,8,1997
177,9,8,1997
177,10,8,1997
177,21,8,1997
177,27,8,1997
177,34,8,1997
177,42,8,1997
177,43,8,1997
177,45,8,1997
177,53,8,1997
177,91,8,1997
177,92,8,1997
177,112,8,1997
177,120,8,1997
177,138,8,1997
177,231,8,1997
177,439,8,1997
178,1,8,1997
178,2,8,1997
178,3,8,1997
178,4,8,1997
178,27,8,1997
178,42,8,1997
178,232,8,1997
179,1,9,1998
179,2,9,1998
179,3,9,1998
179,38,9,1998
179,45,9,1998
179,66,9,1998
180,1,9,1998
180,2,9,1998
180,3,9,1998
180,42,9,1998
180,52,9,1998
180,75,9,1998
180,103,9,1998
180,131,9,1998
180,233,9,1998
181,1,9,1998
181,2,9,1998
181,3,9,1998
181,4,9,1998
181,42,9,1998
181,46,9,1998
181,95,9,1998
181,110,9,1998
182,1,9,1998
182,2,9,1998
182,3,9,1998
182,4,9,1998
182,33,9,1998
182,34,9,1998
182,41,9,1998
182,44,9,1998
182,45,9,1998
182,73,9,1998
182,75,9,1998
182,234,9,1998
183,1,9,1998
183,2,9,1998
183,3,9,1998
183,12,9,1998
183,33,9,1998
183,46,9,1998
183,132,9,1998
184,1,9,1998
184,3,9,1998
184,4,9,1998
184,27,9,1998
184,36,9,1998
184,95,9,1998
185,1,9,1998
185,2,9,1998
185,12,9,1998
185,126,9,1998
185,235,9,1998
186,1,9,1998
186,2,9,1998
186,4,9,1998
186,52,9,1998
187,1,9,1998
187,2,9,1998
187,27,9,1998
187,29,9,1998
187,36,9,1998
187,88,9,1998
187,89,9,1998
187,132,9,1998
188,1,9,1998
188,2,9,1998
188,3,9,1998
188,4,9,1998
188,41,9,1998
188,50,9,1998
188,127,9,1998
189,1,9,1998
189,2,9,1998
189,3,9,1998
189,132,9,1998
189,413,9,1998
190,1,9,1998
190,2,9,1998
190,3,9,1998
190,27,9,1998
190,237,9,1998
191,1,9,1998
191,2,9,1998
191,3,9,1998
191,4,9,1998
191,11,9,1998
191,35,9,1998
191,36,9,1998
191,123,9,1998
191,238,9,1998
192,1,9,1998
192,2,9,1998
192,3,9,1998
192,4,9,1998
192,25,9,1998
192,26,9,1998
192,36,9,1998
192,45,9,1998
192,46,9,1998
192,95,9,1998
192,138,9,1998
193,3,9,1998
193,110,9,1998
194,1,9,1998
194,38,9,1998
194,45,9,1998
194,122,9,1998
194,240,9,1998
195,1,9,1998
195,2,9,1998
195,3,9,1998
195,4,9,1998
195,12,9,1998
195,21,9,1998
195,138,9,1998
196,2,9,1998
196,3,9,1998
196,4,9,1998
196,8,9,1998
196,9,9,1998
196,10,9,1998
196,27,9,1998
196,35,9,1998
196,75,9,1998
196,95,9,1998
196,120,9,1998
196,138,9,1998
197,1,9,1998
197,3,9,1998
197,4,9,1998
197,12,9,1998
197,35,9,1998
197,38,9,1998
197,43,9,1998
197,45,9,1998
197,46,9,1998
197,55,9,1998
197,112,9,1998
197,241,9,1998
197,242,9,1998
198,1,9,1998
198,35,9,1998
198,36,9,1998
198,43,9,1998
198,243,9,1998
199,1,9,1998
199,2,9,1998
199,3,9,1998
199,4,9,1998
199,12,9,1998
199,50,9,1998
199,57,9,1998
199,110,9,1998
199,123,9,1998
200,1,9,1998
200,2,9,1998
200,3,9,1998
200,4,9,1998
200,45,9,1998
200,61,9,1998
200,75,9,1998
200,244,9,1998
201,1,9,1998
201,2,9,1998
201,3,9,1998
201,92,9,1998
201,146,9,1998
201,245,9,1998
202,1,9,1998
202,2,9,1998
202,3,9,1998
202,4,9,1998
202,29,9,1998
202,46,9,1998
202,55,9,1998
202,98,9,1998
202,112,9,1998
203,1,9,1998
203,2,9,1998
203,3,9,1998
203,4,9,1998
203,5,9,1998
203,34,9,1998
203,81,9,1998
203,88,9,1998
204,1,10,1999
204,3,10,1999
204,4,10,1999
204,12,10,1999
204,42,10,1999
204,110,10,1999
204,123,10,1999
205,1,10,1999
205,2,10,1999
205,3,10,1999
205,4,10,1999
205,50,10,1999
206,2,10,1999
206,3,10,1999
206,4,10,1999
206,42,10,1999
206,46,10,1999
206,75,10,1999
206,95,10,1999
206,120,10,1999
206,132,10,1999
207,1,10,1999
207,2,10,1999
207,3,10,1999
207,4,10,1999
207,5,10,1999
207,12,10,1999
207,27,10,1999
207,30,10,1999
207,38,10,1999
207,44,10,1999
207,45,10,1999
207,91,10,1999
207,132,10,1999
208,1,10,1999
208,2,10,1999
208,3,10,1999
208,4,10,1999
209,1,10,1999
209,4,10,1999
209,27,10,1999
209,35,10,1999
209,55,10,1999
209,98,10,1999
209,112,10,1999
209,198,10,1999
209,199,10,1999
209,200,10,1999
210,1,10,1999
210,2,10,1999
210,3,10,1999
210,4,10,1999
210,42,10,1999
210,58,10,1999
210,95,10,1999
210,138,10,1999
211,1,10,1999
211,2,10,1999
211,3,10,1999
211,98,10,1999
211,122,10,1999
212,1,10,1999
212,71,10,1999
212,75,10,1999
212,148,10,1999
213,1,10,1999
213,3,10,1999
213,36,10,1999
213,85,10,1999
213,86,10,1999
213,99,10,1999
213,137,10,1999
214,1,10,1999
214,3,10,1999
214,4,10,1999
214,27,10,1999
214,38,10,1999
214,55,10,1999
214,81,10,1999
214,112,10,1999
214,452,10,1999
215,1,10,1999
215,2,10,1999
215,3,10,1999
215,4,10,1999
215,45,10,1999
215,247,10,1999
215,453,10,1999
215,454,10,1999
215,456,10,1999
216,1,10,1999
216,2,10,1999
216,27,10,1999
216,35,10,1999
216,248,10,1999
217,1,10,1999
217,2,10,1999
217,4,10,1999
217,12,10,1999
217,27,10,1999
217,36,10,1999
217,45,10,1999
217,73,10,1999
217,98,10,1999
217,126,10,1999
218,1,10,1999
218,2,10,1999
218,3,10,1999
218,4,10,1999
218,27,10,1999
218,110,10,1999
219,1,10,1999
219,2,10,1999
219,3,10,1999
219,4,10,1999
219,27,10,1999
219,46,10,1999
219,98,10,1999
220,1,10,1999
220,2,10,1999
220,3,10,1999
220,4,10,1999
220,27,10,1999
220,98,10,1999
220,249,10,1999
221,1,10,1999
221,2,10,1999
221,3,10,1999
221,4,10,1999
221,11,10,1999
221,34,10,1999
221,36,10,1999
221,42,10,1999
221,46,10,1999
221,55,10,1999
221,95,10,1999
221,112,10,1999
221,132,10,1999
221,138,10,1999
222,1,10,1999
222,2,10,1999
222,3,10,1999
222,4,10,1999
222,21,10,1999
222,35,10,1999
222,250,10,1999
222,462,10,1999
223,1,10,1999
223,3,10,1999
223,4,10,1999
223,33,10,1999
223,42,10,1999
223,46,10,1999
223,58,10,1999
224,1,10,1999
224,2,10,1999
224,3,10,1999
224,4,10,1999
224,5,10,1999
224,35,10,1999
224,80,10,1999
224,123,10,1999
224,251,10,1999
225,1,10,1999
225,2,10,1999
225,4,10,1999
225,27,10,1999
225,34,10,1999
225,42,10,1999
225,59,10,1999
225,75,10,1999
225,80,10,1999
225,98,10,1999
225,124,10,1999
225,146,10,1999
226,1,10,1999
226,2,10,1999
226,3,10,1999
226,4,10,1999
226,36,10,1999
226,132,10,1999
226,252,10,1999
227,1,11,2000
227,2,11,2000
227,253,11,2000
228,1,11,2000
228,2,11,2000
228,3,11,2000
228,36,11,2000
228,42,11,2000
228,466,11,2000
229,1,11,2000
229,2,11,2000
229,3,11,2000
229,4,11,2000
229,254,11,2000
230,1,11,2000
230,2,11,2000
230,3,11,2000
230,4,11,2000
230,5,11,2000
230,36,11,2000
230,59,11,2000
231,1,11,2000
231,2,11,2000
231,4,11,2000
231,45,11,2000
231,112,11,2000
231,132,11,2000
231,255,11,2000
232,1,11,2000
232,2,11,2000
232,3,11,2000
232,4,11,2000
232,5,11,2000
232,25,11,2000
232,35,11,2000
232,50,11,2000
232,55,11,2000
232,95,11,2000
232,112,11,2000
233,1,11,2000
233,2,11,2000
233,12,11,2000
233,126,11,2000
233,256,11,2000
234,1,11,2000
234,2,11,2000
234,3,11,2000
234,36,11,2000
234,45,11,2000
234,55,11,2000
234,112,11,2000
234,257,11,2000
235,1,11,2000
235,2,11,2000
235,3,11,2000
235,4,11,2000
235,35,11,2000
235,42,11,2000
235,46,11,2000
235,71,11,2000
235,98,11,2000
235,258,11,2000
236,1,11,2000
236,2,11,2000
236,3,11,2000
236,4,11,2000
236,36,11,2000
236,98,11,2000
237,1,11,2000
237,3,11,2000
237,4,11,2000
237,22,11,2000
237,36,11,2000
237,46,11,2000
237,71,11,2000
237,80,11,2000
237,98,11,2000
237,259,11,2000
238,1,11,2000
238,2,11,2000
238,3,11,2000
238,4,11,2000
238,35,11,2000
238,43,11,2000
238,45,11,2000
238,50,11,2000
239,1,11,2000
239,2,11,2000
239,3,11,2000
239,4,11,2000
239,59,11,2000
240,1,11,2000
240,2,11,2000
240,3,11,2000
240,4,11,2000
240,5,11,2000
240,36,11,2000
240,73,11,2000
240,98,11,2000
240,101,11,2000
240,103,11,2000
240,124,11,2000
241,1,11,2000
241,2,11,2000
241,3,11,2000
241,4,11,2000
241,5,11,2000
241,11,11,2000
241,35,11,2000
242,1,11,2000
242,3,11,2000
242,4,11,2000
242,45,11,2000
242,55,11,2000
242,112,11,2000
242,143,11,2000
242,261,11,2000
243,1,11,2000
243,2,11,2000
243,3,11,2000
243,4,11,2000
243,36,11,2000
243,95,11,2000
243,138,11,2000
244,1,11,2000
244,2,11,2000
244,3,11,2000
244,4,11,2000
244,38,11,2000
244,45,11,2000
244,55,11,2000
244,112,11,2000
245,1,11,2000
245,2,11,2000
245,3,11,2000
245,4,11,2000
245,5,11,2000
245,264,11,2000
245,483,11,2000
246,1,11,2000
246,2,11,2000
246,3,11,2000
246,4,11,2000
246,8,11,2000
246,9,11,2000
246,10,11,2000
246,27,11,2000
246,46,11,2000
246,80,11,2000
246,95,11,2000
246,138,11,2000
247,1,11,2000
247,2,11,2000
247,3,11,2000
247,4,11,2000
247,5,11,2000
247,25,11,2000
248,1,11,2000
248,2,11,2000
248,3,11,2000
248,4,11,2000
248,34,11,2000
248,95,11,2000
248,123,11,2000
249,1,12,2001
249,2,12,2001
249,3,12,2001
249,4,12,2001
249,8,12,2001
249,45,12,2001
249,50,12,2001
249,80,12,2001
249,95,12,2001
249,98,12,2001
249,110,12,2001
249,112,12,2001
249,131,12,2001
250,1,12,2001
250,2,12,2001
250,3,12,2001
250,46,12,2001
251,1,12,2001
251,3,12,2001
251,71,12,2001
251,78,12,2001
251,79,12,2001
251,80,12,2001
251,110,12,2001
251,267,12,2001
251,489,12,2001
252,1,12,2001
252,2,12,2001
252,3,12,2001
252,4,12,2001
252,70,12,2001
252,110,12,2001
252,268,12,2001
253,1,12,2001
253,2,12,2001
253,3,12,2001
253,4,12,2001
253,35,12,2001
253,42,12,2001
253,43,12,2001
253,59,12,2001
253,61,12,2001
253,103,12,2001
253,112,12,2001
254,1,12,2001
254,3,12,2001
254,4,12,2001
254,9,12,2001
254,41,12,2001
254,75,12,2001
254,95,12,2001
254,269,12,2001
255,1,12,2001
255,2,12,2001
255,3,12,2001
255,4,12,2001
255,25,12,2001
255,28,12,2001
255,42,12,2001
255,123,12,2001
255,270,12,2001
256,1,12,2001
256,3,12,2001
256,4,12,2001
256,34,12,2001
256,36,12,2001
256,42,12,2001
256,58,12,2001
256,95,12,2001
256,123,12,2001
257,1,12,2001
257,4,12,2001
257,38,12,2001
257,45,12,2001
258,1,12,2001
258,2,12,2001
258,27,12,2001
258,42,12,2001
258,271,12,2001
259,1,12,2001
259,3,12,2001
259,4,12,2001
259,27,12,2001
259,46,12,2001
259,59,12,2001
259,131,12,2001
260,1,12,2001
260,2,12,2001
260,3,12,2001
260,4,12,2001
260,110,12,2001
261,3,12,2001
261,13,12,2001
261,27,12,2001
261,42,12,2001
261,50,12,2001
261,109,12,2001
261,110,12,2001
261,119,12,2001
262,1,12,2001
262,2,12,2001
262,3,12,2001
262,4,12,2001
262,25,12,2001
262,46,12,2001
262,55,12,2001
262,95,12,2001
262,138,12,2001
262,272,12,2001
263,1,12,2001
263,2,12,2001
263,3,12,2001
263,4,12,2001
263,66,12,2001
263,112,12,2001
263,273,12,2001
264,1,12,2001
264,4,12,2001
264,5,12,2001
264,8,12,2001
264,9,12,2001
264,10,12,2001
264,42,12,2001
264,80,12,2001
264,95,12,2001
264,137,12,2001
264,274,12,2001
265,1,12,2001
265,2,12,2001
265,3,12,2001
265,4,12,2001
265,5,12,2001
265,41,12,2001
265,275,12,2001
265,276,12,2001
266,1,12,2001
266,2,12,2001
266,3,12,2001
266,4,12,2001
266,27,12,2001
266,34,12,2001
266,38,12,2001
266,41,12,2001
266,46,12,2001
266,71,12,2001
266,98,12,2001
266,109,12,2001
266,110,12,2001
266,277,12,2001
267,1,12,2001
267,3,12,2001
267,36,12,2001
267,42,12,2001
267,59,12,2001
267,64,12,2001
267,73,12,2001
267,101,12,2001
268,1,12,2001
268,2,12,2001
268,3,12,2001
268,4,12,2001
268,5,12,2001
268,27,12,2001
268,41,12,2001
268,44,12,2001
268,46,12,2001
268,98,12,2001
268,114,12,2001
268,122,12,2001
269,1,12,2001
269,2,12,2001
269,3,12,2001
269,4,12,2001
269,11,12,2001
269,34,12,2001
269,80,12,2001
269,95,12,2001
269,278,12,2001
270,1,13,2002
270,2,13,2002
270,3,13,2002
270,4,13,2002
270,5,13,2002
270,33,13,2002
270,34,13,2002
270,35,13,2002
270,43,13,2002
270,45,13,2002
270,55,13,2002
270,80,13,2002
270,112,13,2002
270,279,13,2002
270,280,13,2002
271,1,13,2002
271,2,13,2002
271,3,13,2002
271,46,13,2002
271,52,13,2002
271,93,13,2002
272,1,13,2002
272,3,13,2002
272,4,13,2002
272,38,13,2002
272,45,13,2002
272,55,13,2002
272,112,13,2002
273,1,13,2002
273,35,13,2002
273,43,13,2002
273,87,13,2002
273,132,13,2002
274,1,13,2002
274,2,13,2002
274,27,13,2002
274,43,13,2002
274,45,13,2002
274,55,13,2002
274,71,13,2002
274,112,13,2002
275,1,13,2002
275,2,13,2002
275,3,13,2002
275,4,13,2002
275,11,13,2002
275,35,13,2002
275,36,13,2002
275,46,13,2002
275,55,13,2002
275,112,13,2002
275,138,13,2002
275,503,13,2002
276,1,13,2002
276,2,13,2002
276,3,13,2002
276,4,13,2002
276,5,13,2002
276,36,13,2002
276,92,13,2002
276,93,13,2002
276,281,13,2002
277,1,13,2002
277,2,13,2002
277,9,13,2002
277,10,13,2002
277,52,13,2002
277,80,13,2002
277,122,13,2002
277,131,13,2002
277,282,13,2002
278,1,13,2002
278,2,13,2002
278,3,13,2002
278,34,13,2002
278,41,13,2002
278,98,13,2002
278,137,13,2002
279,1,13,2002
279,2,13,2002
279,3,13,2002
279,4,13,2002
279,33,13,2002
279,34,13,2002
279,55,13,2002
279,98,13,2002
279,112,13,2002
279,147,13,2002
280,1,13,2002
280,2,13,2002
280,3,13,2002
280,4,13,2002
280,34,13,2002
280,42,13,2002
280,46,13,2002
280,80,13,2002
280,283,13,2002
281,1,13,2002
281,2,13,2002
281,3,13,2002
281,110,13,2002
281,132,13,2002
281,284,13,2002
282,1,13,2002
282,2,13,2002
282,3,13,2002
282,4,13,2002
282,5,13,2002
282,33,13,2002
282,92,13,2002
282,285,13,2002
283,1,13,2002
283,2,13,2002
283,3,13,2002
283,4,13,2002
283,12,13,2002
283,27,13,2002
283,33,13,2002
283,34,13,2002
283,35,13,2002
283,36,13,2002
283,38,13,2002
283,45,13,2002
283,46,13,2002
283,55,13,2002
283,75,13,2002
283,80,13,2002
283,110,13,2002
283,112,13,2002
283,119,13,2002
283,123,13,2002
283,124,13,2002
283,138,13,2002
283,142,13,2002
284,1,13,2002
284,2,13,2002
284,3,13,2002
284,4,13,2002
284,5,13,2002
284,33,13,2002
284,34,13,2002
284,91,13,2002
284,124,13,2002
285,1,13,2002
285,2,13,2002
285,5,13,2002
285,35,13,2002
285,43,13,2002
285,98,13,2002
286,1,13,2002
286,3,13,2002
286,4,13,2002
286,27,13,2002
286,35,13,2002
286,110,13,2002
287,1,13,2002
287,2,13,2002
287,3,13,2002
287,4,13,2002
287,34,13,2002
287,35,13,2002
287,42,13,2002
287,43,13,2002
287,46,13,2002
287,55,13,2002
287,59,13,2002
287,98,13,2002
287,103,13,2002
287,112,13,2002
287,516,13,2002
288,1,13,2002
288,2,13,2002
288,3,13,2002
288,4,13,2002
288,12,13,2002
288,42,13,2002
288,80,13,2002
288,126,13,2002
288,142,13,2002
288,287,13,2002
289,1,13,2002
289,2,13,2002
289,3,13,2002
289,4,13,2002
289,42,13,2002
289,46,13,2002
289,58,13,2002
289,62,13,2002
289,91,13,2002
289,98,13,2002
289,110,13,2002
289,114,13,2002
289,123,13,2002
289,288,13,2002
290,1,13,2002
290,2,13,2002
290,3,13,2002
290,4,13,2002
290,5,13,2002
290,27,13,2002
290,133,13,2002
290,289,13,2002
291,1,13,2002
291,2,13,2002
291,5,13,2002
291,9,13,2002
291,27,13,2002
291,35,13,2002
291,36,13,2002
291,55,13,2002
291,71,13,2002
291,75,13,2002
291,79,13,2002
291,112,13,2002
291,132,13,2002
292,1,14,2003
292,2,14,2003
292,3,14,2003
292,4,14,2003
292,5,14,2003
292,36,14,2003
292,45,14,2003
292,73,14,2003
292,80,14,2003
292,98,14,2003
293,1,14,2003
293,2,14,2003
293,3,14,2003
293,4,14,2003
293,42,14,2003
293,45,14,2003
293,55,14,2003
293,112,14,2003
293,520,14,2003
294,1,14,2003
294,2,14,2003
294,3,14,2003
294,4,14,2003
294,42,14,2003
294,290,14,2003
295,1,14,2003
295,2,14,2003
295,3,14,2003
295,4,14,2003
295,25,14,2003
295,27,14,2003
295,36,14,2003
295,42,14,2003
295,46,14,2003
295,84,14,2003
295,89,14,2003
295,109,14,2003
295,110,14,2003
295,126,14,2003
295,296,14,2003
296,1,14,2003
296,2,14,2003
296,3,14,2003
296,4,14,2003
296,35,14,2003
296,38,14,2003
296,55,14,2003
296,291,14,2003
297,1,14,2003
297,2,14,2003
297,3,14,2003
297,13,14,2003
297,27,14,2003
297,110,14,2003
298,1,14,2003
298,2,14,2003
298,3,14,2003
298,4,14,2003
298,42,14,2003
298,103,14,2003
298,123,14,2003
298,131,14,2003
299,1,14,2003
299,2,14,2003
299,3,14,2003
299,4,14,2003
299,27,14,2003
299,45,14,2003
299,293,14,2003
300,1,14,2003
300,2,14,2003
300,3,14,2003
300,5,14,2003
300,12,14,2003
300,27,14,2003
300,45,14,2003
300,55,14,2003
300,98,14,2003
300,112,14,2003
300,117,14,2003
300,138,14,2003
300,146,14,2003
301,1,14,2003
301,2,14,2003
301,3,14,2003
301,4,14,2003
301,11,14,2003
301,36,14,2003
301,70,14,2003
302,1,14,2003
302,2,14,2003
302,3,14,2003
302,4,14,2003
302,5,14,2003
302,28,14,2003
302,93,14,2003
302,95,14,2003
302,124,14,2003
302,526,14,2003
303,1,14,2003
303,2,14,2003
303,4,14,2003
303,31,14,2003
303,42,14,2003
303,55,14,2003
303,110,14,2003
303,112,14,2003
304,1,14,2003
304,2,14,2003
304,36,14,2003
304,146,14,2003
304,294,14,2003
304,529,14,2003
305,1,14,2003
305,2,14,2003
305,3,14,2003
305,4,14,2003
305,12,14,2003
305,75,14,2003
305,110,14,2003
305,138,14,2003
306,1,14,2003
306,2,14,2003
306,3,14,2003
306,35,14,2003
306,43,14,2003
306,98,14,2003
307,1,14,2003
307,3,14,2003
307,4,14,2003
307,46,14,2003
307,63,14,2003
307,75,14,2003
307,80,14,2003
307,95,14,2003
308,1,14,2003
308,2,14,2003
308,3,14,2003
308,4,14,2003
308,45,14,2003
308,98,14,2003
309,1,14,2003
309,3,14,2003
309,4,14,2003
309,35,14,2003
309,36,14,2003
309,43,14,2003
309,45,14,2003
309,70,14,2003
309,110,14,2003
309,132,14,2003
309,295,14,2003
309,296,14,2003
310,1,14,2003
310,2,14,2003
310,3,14,2003
310,4,14,2003
310,19,14,2003
310,41,14,2003
310,44,14,2003
310,66,14,2003
311,1,14,2003
311,2,14,2003
311,3,14,2003
311,38,14,2003
311,93,14,2003
311,124,14,2003
312,1,14,2003
312,2,14,2003
312,3,14,2003
312,9,14,2003
312,27,14,2003
312,46,14,2003
312,62,14,2003
312,95,14,2003
312,104,14,2003
312,138,14,2003
312,142,14,2003
313,1,14,2003
313,2,14,2003
313,4,14,2003
313,5,14,2003
313,27,14,2003
313,38,14,2003
313,45,14,2003
313,71,14,2003
313,298,14,2003
314,1,15,2004
314,2,15,2004
314,3,15,2004
314,4,15,2004
314,42,15,2004
314,44,15,2004
314,45,15,2004
314,46,15,2004
314,75,15,2004
314,78,15,2004
314,80,15,2004
314,535,15,2004
315,1,15,2004
315,2,15,2004
315,3,15,2004
315,4,15,2004
315,27,15,2004
315,35,15,2004
315,45,15,2004
315,55,15,2004
315,112,15,2004
315,130,15,2004
316,1,15,2004
316,4,15,2004
316,42,15,2004
316,45,15,2004
316,95,15,2004
316,104,15,2004
316,123,15,2004
316,538,15,2004
317,1,15,2004
317,2,15,2004
317,3,15,2004
317,4,15,2004
317,35,15,2004
317,46,15,2004
317,92,15,2004
317,300,15,2004
318,1,15,2004
318,2,15,2004
318,3,15,2004
318,4,15,2004
318,33,15,2004
318,34,15,2004
318,55,15,2004
318,112,15,2004
319,1,15,2004
319,2,15,2004
319,3,15,2004
319,4,15,2004
319,38,15,2004
319,41,15,2004
319,45,15,2004
319,55,15,2004
319,57,15,2004
319,64,15,2004
319,98,15,2004
319,110,15,2004
319,112,15,2004
319,146,15,2004
319,543,15,2004
320,1,15,2004
320,2,15,2004
320,3,15,2004
320,4,15,2004
320,35,15,2004
320,36,15,2004
320,55,15,2004
320,59,15,2004
320,95,15,2004
320,112,15,2004
320,122,15,2004
320,132,15,2004
321,1,15,2004
321,2,15,2004
321,3,15,2004
321,4,15,2004
321,5,15,2004
321,35,15,2004
321,55,15,2004
321,75,15,2004
322,1,15,2004
322,3,15,2004
322,4,15,2004
322,8,15,2004
322,9,15,2004
322,10,15,2004
322,42,15,2004
322,44,15,2004
322,57,15,2004
322,88,15,2004
322,95,15,2004
323,1,15,2004
323,2,15,2004
323,3,15,2004
323,4,15,2004
323,35,15,2004
323,36,15,2004
323,110,15,2004
323,113,15,2004
324,1,15,2004
324,2,15,2004
324,3,15,2004
324,4,15,2004
324,25,15,2004
324,30,15,2004
324,35,15,2004
324,46,15,2004
324,55,15,2004
324,75,15,2004
324,95,15,2004
324,112,15,2004
324,124,15,2004
325,1,15,2004
325,2,15,2004
325,3,15,2004
325,4,15,2004
325,12,15,2004
325,46,15,2004
325,103,15,2004
325,126,15,2004
326,1,15,2004
326,2,15,2004
326,3,15,2004
326,4,15,2004
326,5,15,2004
326,12,15,2004
326,27,15,2004
326,98,15,2004
326,126,15,2004
326,163,15,2004
327,1,15,2004
327,2,15,2004
327,3,15,2004
327,4,15,2004
327,33,15,2004
327,34,15,2004
327,46,15,2004
327,112,15,2004
327,147,15,2004
328,1,15,2004
328,2,15,2004
328,3,15,2004
328,4,15,2004
328,38,15,2004
328,45,15,2004
329,3,15,2004
329,27,15,2004
329,42,15,2004
329,91,15,2004
329,93,15,2004
330,1,15,2004
330,2,15,2004
330,3,15,2004
330,27,15,2004
330,42,15,2004
330,46,15,2004
330,59,15,2004
330,66,15,2004
330,95,15,2004
330,103,15,2004
331,1,15,2004
331,2,15,2004
331,3,15,2004
331,4,15,2004
331,74,15,2004
332,1,15,2004
332,2,15,2004
332,3,15,2004
332,4,15,2004
332,27,15,2004
332,35,15,2004
332,43,15,2004
332,55,15,2004
332,59,15,2004
332,70,15,2004
332,75,15,2004
332,112,15,2004
333,1,15,2004
333,2,15,2004
333,3,15,2004
333,4,15,2004
333,16,15,2004
333,27,15,2004
333,33,15,2004
333,34,15,2004
333,45,15,2004
333,46,15,2004
333,55,15,2004
333,59,15,2004
333,75,15,2004
333,89,15,2004
333,112,15,2004
333,113,15,2004
333,296,15,2004
334,1,15,2004
334,2,15,2004
334,3,15,2004
334,4,15,2004
334,46,15,2004
334,75,15,2004
334,98,15,2004
335,1,15,2004
335,3,15,2004
335,4,15,2004
335,33,15,2004
335,34,15,2004
335,35,15,2004
335,42,15,2004
335,43,15,2004
335,46,15,2004
335,75,15,2004
335,91,15,2004
335,95,15,2004
335,112,15,2004
335,123,15,2004
335,138,15,2004
336,1,16,2005
336,2,16,2005
336,3,16,2005
336,4,16,2005
336,5,16,2005
336,34,16,2005
336,35,16,2005
336,80,16,2005
336,98,16,2005
336,122,16,2005
336,138,16,2005
336,387,16,2005
337,1,16,2005
337,2,16,2005
337,3,16,2005
337,4,16,2005
337,5,16,2005
337,27,16,2005
337,34,16,2005
337,36,16,2005
337,46,16,2005
337,134,16,2005
337,303,16,2005
338,1,16,2005
338,2,16,2005
338,3,16,2005
338,4,16,2005
338,26,16,2005
338,33,16,2005
338,34,16,2005
338,46,16,2005
338,95,16,2005
338,103,16,2005
338,112,16,2005
338,138,16,2005
339,1,16,2005
339,2,16,2005
339,3,16,2005
339,4,16,2005
339,38,16,2005
339,41,16,2005
339,50,16,2005
339,75,16,2005
339,304,16,2005
340,1,16,2005
340,2,16,2005
340,3,16,2005
340,4,16,2005
340,35,16,2005
340,36,16,2005
340,46,16,2005
340,63,16,2005
340,91,16,2005
340,110,16,2005
340,305,16,2005
341,1,16,2005
341,12,16,2005
341,35,16,2005
341,43,16,2005
341,92,16,2005
342,1,16,2005
342,2,16,2005
342,3,16,2005
342,4,16,2005
342,5,16,2005
342,27,16,2005
342,45,16,2005
342,55,16,2005
342,112,16,2005
343,1,16,2005
343,2,16,2005
343,3,16,2005
343,35,16,2005
343,36,16,2005
343,59,16,2005
343,307,16,2005
344,1,16,2005
344,2,16,2005
344,3,16,2005
344,4,16,2005
344,12,16,2005
344,27,16,2005
344,38,16,2005
344,42,16,2005
344,46,16,2005
344,553,16,2005
345,1,16,2005
345,2,16,2005
345,3,16,2005
345,4,16,2005
345,8,16,2005
345,9,16,2005
345,10,16,2005
345,11,16,2005
345,33,16,2005
345,34,16,2005
345,46,16,2005
345,75,16,2005
345,309,16,2005
345,310,16,2005
346,1,16,2005
346,2,16,2005
346,3,16,2005
346,4,16,2005
346,27,16,2005
346,93,16,2005
346,98,16,2005
346,123,16,2005
347,1,16,2005
347,2,16,2005
347,3,16,2005
347,4,16,2005
347,33,16,2005
347,34,16,2005
347,35,16,2005
347,49,16,2005
347,98,16,2005
347,311,16,2005
348,1,16,2005
348,2,16,2005
348,3,16,2005
348,4,16,2005
348,5,16,2005
349,1,16,2005
349,2,16,2005
349,3,16,2005
349,4,16,2005
349,18,16,2005
349,25,16,2005
349,27,16,2005
349,35,16,2005
349,44,16,2005
349,75,16,2005
349,132,16,2005
349,312,16,2005
350,1,16,2005
350,2,16,2005
350,3,16,2005
350,4,16,2005
350,34,16,2005
350,35,16,2005
350,37,16,2005
350,46,16,2005
350,80,16,2005
350,110,16,2005
350,132,16,2005
350,313,16,2005
351,1,16,2005
351,2,16,2005
351,3,16,2005
351,4,16,2005
351,5,16,2005
351,41,16,2005
351,98,16,2005
351,314,16,2005
352,1,16,2005
352,2,16,2005
352,3,16,2005
352,4,16,2005
352,12,16,2005
352,42,16,2005
352,50,16,2005
352,98,16,2005
352,124,16,2005
352,146,16,2005
352,315,16,2005
353,1,16,2005
353,2,16,2005
353,3,16,2005
353,4,16,2005
353,5,16,2005
353,36,16,2005
353,110,16,2005
353,316,16,2005
353,317,16,2005
354,1,16,2005
354,2,16,2005
354,4,16,2005
354,45,16,2005
354,110,16,2005
355,1,16,2005
355,2,16,2005
355,3,16,2005
355,4,16,2005
355,5,16,2005
355,36,16,2005
355,46,16,2005
356,1,16,2005
356,2,16,2005
356,3,16,2005
356,4,16,2005
356,11,16,2005
356,36,16,2005
356,46,16,2005
356,123,16,2005
356,320,16,2005
357,1,17,2006
357,2,17,2006
357,35,17,2006
357,43,17,2006
357,55,17,2006
357,71,17,2006
357,112,17,2006
357,321,17,2006
358,1,17,2006
358,2,17,2006
358,3,17,2006
358,4,17,2006
358,41,17,2006
358,46,17,2006
358,75,17,2006
358,91,17,2006
358,322,17,2006
359,1,17,2006
359,2,17,2006
359,3,17,2006
359,4,17,2006
359,5,17,2006
359,16,17,2006
359,46,17,2006
359,98,17,2006
360,1,17,2006
360,2,17,2006
360,3,17,2006
360,4,17,2006
360,5,17,2006
360,35,17,2006
360,36,17,2006
360,43,17,2006
360,45,17,2006
360,46,17,2006
360,53,17,2006
360,98,17,2006
360,119,17,2006
360,323,17,2006
360,560,17,2006
361,1,17,2006
361,2,17,2006
361,3,17,2006
361,5,17,2006
361,8,17,2006
361,9,17,2006
361,10,17,2006
361,27,17,2006
361,42,17,2006
361,45,17,2006
361,110,17,2006
362,1,17,2006
362,2,17,2006
362,3,17,2006
362,4,17,2006
362,9,17,2006
362,25,17,2006
362,42,17,2006
362,43,17,2006
362,50,17,2006
362,59,17,2006
362,75,17,2006
362,84,17,2006
362,105,17,2006
362,146,17,2006
363,1,17,2006
363,2,17,2006
363,4,17,2006
363,5,17,2006
363,27,17,2006
363,42,17,2006
363,46,17,2006
363,324,17,2006
364,1,17,2006
364,2,17,2006
364,3,17,2006
364,4,17,2006
364,5,17,2006
364,13,17,2006
364,35,17,2006
364,76,17,2006
364,77,17,2006
364,110,17,2006
365,1,17,2006
365,2,17,2006
365,3,17,2006
365,4,17,2006
365,11,17,2006
365,12,17,2006
365,35,17,2006
365,38,17,2006
365,42,17,2006
365,45,17,2006
365,46,17,2006
365,55,17,2006
365,80,17,2006
365,98,17,2006
365,112,17,2006
366,1,17,2006
366,2,17,2006
366,3,17,2006
366,4,17,2006
366,5,17,2006
366,75,17,2006
366,92,17,2006
366,130,17,2006
366,325,17,2006
366,561,17,2006
367,1,17,2006
367,2,17,2006
367,3,17,2006
367,4,17,2006
367,5,17,2006
367,25,17,2006
367,27,17,2006
367,38,17,2006
367,42,17,2006
367,45,17,2006
367,46,17,2006
367,55,17,2006
367,112,17,2006
368,1,17,2006
368,2,17,2006
368,3,17,2006
368,4,17,2006
368,123,17,2006
368,326,17,2006
369,1,17,2006
369,2,17,2006
369,3,17,2006
369,4,17,2006
369,35,17,2006
369,38,17,2006
369,42,17,2006
369,45,17,2006
369,46,17,2006
369,55,17,2006
369,70,17,2006
369,95,17,2006
369,103,17,2006
369,112,17,2006
369,132,17,2006
370,1,17,2006
370,2,17,2006
370,3,17,2006
370,4,17,2006
370,36,17,2006
370,109,17,2006
370,110,17,2006
371,1,17,2006
371,2,17,2006
371,3,17,2006
371,4,17,2006
371,33,17,2006
371,112,17,2006
372,1,17,2006
372,3,17,2006
372,4,17,2006
372,27,17,2006
372,70,17,2006
372,92,17,2006
372,110,17,2006
372,307,17,2006
373,1,17,2006
373,2,17,2006
373,4,17,2006
373,12,17,2006
373,33,17,2006
373,34,17,2006
373,35,17,2006
373,43,17,2006
373,55,17,2006
373,112,17,2006
374,1,17,2006
374,2,17,2006
374,3,17,2006
374,4,17,2006
374,11,17,2006
374,34,17,2006
374,43,17,2006
374,45,17,2006
374,55,17,2006
374,59,17,2006
374,81,17,2006
374,112,17,2006
374,119,17,2006
374,123,17,2006
375,1,17,2006
375,2,17,2006
375,3,17,2006
375,4,17,2006
375,25,17,2006
375,41,17,2006
375,42,17,2006
375,58,17,2006
375,91,17,2006
375,95,17,2006
375,104,17,2006
375,123,17,2006
375,138,17,2006
375,330,17,2006
376,1,17,2006
376,2,17,2006
376,3,17,2006
376,33,17,2006
376,34,17,2006
376,36,17,2006
376,46,17,2006
376,55,17,2006
376,95,17,2006
376,112,17,2006
377,1,17,2006
377,2,17,2006
377,3,17,2006
377,4,17,2006
377,11,17,2006
377,27,17,2006
377,36,17,2006
377,42,17,2006
377,80,17,2006
377,95,17,2006
377,331,17,2006
378,1,17,2006
378,2,17,2006
378,3,17,2006
378,50,17,2006
378,333,17,2006
378,334,17,2006
379,1,18,2006
379,2,18,2006
379,3,18,2006
379,4,18,2006
379,8,18,2006
379,9,18,2006
379,10,18,2006
379,25,18,2006
379,36,18,2006
379,42,18,2006
379,45,18,2006
379,46,18,2006
379,71,18,2006
379,79,18,2006
379,95,18,2006
379,110,18,2006
379,122,18,2006
379,138,18,2006
380,1,18,2006
380,2,18,2006
380,3,18,2006
380,4,18,2006
380,36,18,2006
381,1,18,2006
381,2,18,2006
381,3,18,2006
381,4,18,2006
381,42,18,2006
381,55,18,2006
381,58,18,2006
381,59,18,2006
381,110,18,2006
381,112,18,2006
381,113,18,2006
381,138,18,2006
382,1,18,2006
382,2,18,2006
382,3,18,2006
382,4,18,2006
382,27,18,2006
382,35,18,2006
382,36,18,2006
382,42,18,2006
382,43,18,2006
382,44,18,2006
382,45,18,2006
382,75,18,2006
382,107,18,2006
382,110,18,2006
382,119,18,2006
383,1,18,2006
383,2,18,2006
383,3,18,2006
383,8,18,2006
383,9,18,2006
383,10,18,2006
384,1,18,2006
384,2,18,2006
384,3,18,2006
384,4,18,2006
384,41,18,2006
384,44,18,2006
384,45,18,2006
384,123,18,2006
384,574,18,2006
384,575,18,2006
385,1,18,2006
385,2,18,2006
385,3,18,2006
385,4,18,2006
385,25,18,2006
385,35,18,2006
385,50,18,2006
385,55,18,2006
385,70,18,2006
385,112,18,2006
386,1,18,2006
386,2,18,2006
386,3,18,2006
386,4,18,2006
386,34,18,2006
386,46,18,2006
386,55,18,2006
386,95,18,2006
386,112,18,2006
387,1,18,2006
387,2,18,2006
387,3,18,2006
387,4,18,2006
387,33,18,2006
387,34,18,2006
387,61,18,2006
387,88,18,2006
388,1,18,2006
388,2,18,2006
388,3,18,2006
388,4,18,2006
388,8,18,2006
388,33,18,2006
389,1,18,2006
389,2,18,2006
389,3,18,2006
389,4,18,2006
389,8,18,2006
389,9,18,2006
389,10,18,2006
389,25,18,2006
389,33,18,2006
389,34,18,2006
389,35,18,2006
389,36,18,2006
389,45,18,2006
389,46,18,2006
389,70,18,2006
389,95,18,2006
389,112,18,2006
389,122,18,2006
389,123,18,2006
389,132,18,2006
390,1,18,2006
390,2,18,2006
390,3,18,2006
390,4,18,2006
390,42,18,2006
390,75,18,2006
390,123,18,2006
390,340,18,2006
391,1,18,2006
391,2,18,2006
391,35,18,2006
391,45,18,2006
391,63,18,2006
392,1,18,2006
392,2,18,2006
392,3,18,2006
392,4,18,2006
392,42,18,2006
392,46,18,2006
392,58,18,2006
392,110,18,2006
392,123,18,2006
392,341,18,2006
392,577,18,2006
393,1,18,2006
393,2,18,2006
393,3,18,2006
393,4,18,2006
393,33,18,2006
393,34,18,2006
393,36,18,2006
393,44,18,2006
393,93,18,2006
393,95,18,2006
393,145,18,2006
394,1,18,2006
394,2,18,2006
394,5,18,2006
394,31,18,2006
394,45,18,2006
394,46,18,2006
394,50,18,2006
394,55,18,2006
394,66,18,2006
394,75,18,2006
394,112,18,2006
394,119,18,2006
394,137,18,2006
394,146,18,2006
394,344,18,2006
395,1,18,2006
395,2,18,2006
395,3,18,2006
395,4,18,2006
395,12,18,2006
395,27,18,2006
395,42,18,2006
395,43,18,2006
395,45,18,2006
395,46,18,2006
395,59,18,2006
395,103,18,2006
395,119,18,2006
395,132,18,2006
396,1,18,2006
396,2,18,2006
396,3,18,2006
396,4,18,2006
396,8,18,2006
396,9,18,2006
396,10,18,2006
396,11,18,2006
396,12,18,2006
396,27,18,2006
396,38,18,2006
396,45,18,2006
396,46,18,2006
396,113,18,2006
396,345,18,2006
397,1,18,2006
397,2,18,2006
397,3,18,2006
397,5,18,2006
397,12,18,2006
397,41,18,2006
397,42,18,2006
397,45,18,2006
397,46,18,2006
397,55,18,2006
397,75,18,2006
397,112,18,2006
398,1,18,2006
398,2,18,2006
398,3,18,2006
398,4,18,2006
398,27,18,2006
398,41,18,2006
398,80,18,2006
398,123,18,2006
398,132,18,2006
399,1,18,2006
399,2,18,2006
399,3,18,2006
399,4,18,2006
399,8,18,2006
399,9,18,2006
399,10,18,2006
399,12,18,2006
399,27,18,2006
399,42,18,2006
399,46,18,2006
399,62,18,2006
399,123,18,2006
400,1,18,2006
400,2,18,2006
400,4,18,2006
400,36,18,2006
400,59,18,2006
400,91,18,2006
400,110,18,2006
400,124,18,2006
400,128,18,2006
401,1,19,2007
401,2,19,2007
401,3,19,2007
401,35,19,2007
401,70,19,2007
401,110,19,2007
401,138,19,2007
402,1,19,2007
402,2,19,2007
402,3,19,2007
402,4,19,2007
402,27,19,2007
402,35,19,2007
402,55,19,2007
402,98,19,2007
402,112,19,2007
403,1,19,2007
403,2,19,2007
403,5,19,2007
403,41,19,2007
403,45,19,2007
403,55,19,2007
403,66,19,2007
403,112,19,2007
403,131,19,2007
403,146,19,2007
404,1,19,2007
404,2,19,2007
404,4,19,2007
404,5,19,2007
404,27,19,2007
404,50,19,2007
404,87,19,2007
404,88,19,2007
404,132,19,2007
405,1,19,2007
405,2,19,2007
405,3,19,2007
405,4,19,2007
405,27,19,2007
405,35,19,2007
405,36,19,2007
405,37,19,2007
405,45,19,2007
405,46,19,2007
405,50,19,2007
405,92,19,2007
405,95,19,2007
405,122,19,2007
405,123,19,2007
405,131,19,2007
406,1,19,2007
406,2,19,2007
406,3,19,2007
406,4,19,2007
406,16,19,2007
406,46,19,2007
407,1,19,2007
407,2,19,2007
407,3,19,2007
407,4,19,2007
407,34,19,2007
407,46,19,2007
407,59,19,2007
407,75,19,2007
407,110,19,2007
407,351,19,2007
408,1,19,2007
408,2,19,2007
408,3,19,2007
408,4,19,2007
408,13,19,2007
408,46,19,2007
408,76,19,2007
408,77,19,2007
408,110,19,2007
408,132,19,2007
408,140,19,2007
408,353,19,2007
409,1,19,2007
409,2,19,2007
409,27,19,2007
409,33,19,2007
409,34,19,2007
409,36,19,2007
409,41,19,2007
409,45,19,2007
409,55,19,2007
409,66,19,2007
409,92,19,2007
409,110,19,2007
409,112,19,2007
409,144,19,2007
410,1,19,2007
410,3,19,2007
410,4,19,2007
410,27,19,2007
410,50,19,2007
410,75,19,2007
410,110,19,2007
410,138,19,2007
411,1,19,2007
411,2,19,2007
411,3,19,2007
411,4,19,2007
411,34,19,2007
411,38,19,2007
411,45,19,2007
411,55,19,2007
411,112,19,2007
412,1,19,2007
412,2,19,2007
412,3,19,2007
412,4,19,2007
412,5,19,2007
412,8,19,2007
412,9,19,2007
412,25,19,2007
412,33,19,2007
412,34,19,2007
412,38,19,2007
412,45,19,2007
412,46,19,2007
412,55,19,2007
412,59,19,2007
412,95,19,2007
412,112,19,2007
412,123,19,2007
413,1,19,2007
413,2,19,2007
413,3,19,2007
413,4,19,2007
413,5,19,2007
413,42,19,2007
413,46,19,2007
413,58,19,2007
413,95,19,2007
413,123,19,2007
413,138,19,2007
413,145,19,2007
414,1,19,2007
414,2,19,2007
414,3,19,2007
414,4,19,2007
414,27,19,2007
414,35,19,2007
414,43,19,2007
414,50,19,2007
414,70,19,2007
414,95,19,2007
414,98,19,2007
414,104,19,2007
414,357,19,2007
415,1,19,2007
415,2,19,2007
415,3,19,2007
415,4,19,2007
415,12,19,2007
415,359,19,2007
416,1,19,2007
416,2,19,2007
416,4,19,2007
416,35,19,2007
416,50,19,2007
416,52,19,2007
416,75,19,2007
416,115,19,2007
416,360,19,2007
417,1,19,2007
417,2,19,2007
417,3,19,2007
417,4,19,2007
417,104,19,2007
417,133,19,2007
418,1,19,2007
418,2,19,2007
418,3,19,2007
418,4,19,2007
418,5,19,2007
418,38,19,2007
418,42,19,2007
418,58,19,2007
418,59,19,2007
418,95,19,2007
418,123,19,2007
419,1,19,2007
419,2,19,2007
419,3,19,2007
419,4,19,2007
419,5,19,2007
419,35,19,2007
419,130,19,2007
419,138,19,2007
420,1,19,2007
420,3,19,2007
420,4,19,2007
420,35,19,2007
420,59,19,2007
420,80,19,2007
420,95,19,2007
420,110,19,2007
420,119,19,2007
421,1,20,2009
421,2,20,2009
421,13,20,2009
421,27,20,2009
421,33,20,2009
421,34,20,2009
421,36,20,2009
421,71,20,2009
421,87,20,2009
421,132,20,2009
421,361,20,2009
421,362,20,2009
421,363,20,2009
422,1,20,2009
422,2,20,2009
422,3,20,2009
422,4,20,2009
422,5,20,2009
422,35,20,2009
422,38,20,2009
422,42,20,2009
422,45,20,2009
422,46,20,2009
422,80,20,2009
422,95,20,2009
422,98,20,2009
422,123,20,2009
423,1,20,2009
423,2,20,2009
423,3,20,2009
423,4,20,2009
423,5,20,2009
423,12,20,2009
423,35,20,2009
423,37,20,2009
423,46,20,2009
423,75,20,2009
423,112,20,2009
423,364,20,2009
424,1,20,2009
424,2,20,2009
424,3,20,2009
424,4,20,2009
424,5,20,2009
424,21,20,2009
424,46,20,2009
424,95,20,2009
424,110,20,2009
424,123,20,2009
425,1,20,2009
425,2,20,2009
425,3,20,2009
425,4,20,2009
425,5,20,2009
425,33,20,2009
425,34,20,2009
425,73,20,2009
425,135,20,2009
426,1,20,2009
426,3,20,2009
426,4,20,2009
426,42,20,2009
426,58,20,2009
426,66,20,2009
426,88,20,2009
426,103,20,2009
427,1,20,2009
427,3,20,2009
427,4,20,2009
427,33,20,2009
427,34,20,2009
427,45,20,2009
427,55,20,2009
427,110,20,2009
427,112,20,2009
428,1,20,2009
428,2,20,2009
428,3,20,2009
428,4,20,2009
428,8,20,2009
428,9,20,2009
428,10,20,2009
428,35,20,2009
428,45,20,2009
428,70,20,2009
428,80,20,2009
429,1,20,2009
429,2,20,2009
429,3,20,2009
429,4,20,2009
429,5,20,2009
429,8,20,2009
429,9,20,2009
429,10,20,2009
430,1,20,2009
430,2,20,2009
430,3,20,2009
430,4,20,2009
430,5,20,2009
430,55,20,2009
430,84,20,2009
430,112,20,2009
431,1,20,2009
431,2,20,2009
431,3,20,2009
431,4,20,2009
431,8,20,2009
431,9,20,2009
431,10,20,2009
431,25,20,2009
431,42,20,2009
431,58,20,2009
431,95,20,2009
431,124,20,2009
431,138,20,2009
432,1,20,2009
432,2,20,2009
432,35,20,2009
432,36,20,2009
432,88,20,2009
432,112,20,2009
433,1,20,2009
433,2,20,2009
433,3,20,2009
433,4,20,2009
433,5,20,2009
433,35,20,2009
433,41,20,2009
433,42,20,2009
433,43,20,2009
433,50,20,2009
433,59,20,2009
433,98,20,2009
434,1,20,2009
434,2,20,2009
434,3,20,2009
434,4,20,2009
434,27,20,2009
434,45,20,2009
434,138,20,2009
435,1,20,2009
435,2,20,2009
435,3,20,2009
435,4,20,2009
435,11,20,2009
435,13,20,2009
435,33,20,2009
435,34,20,2009
435,110,20,2009
435,164,20,2009
435,368,20,2009
436,1,20,2009
436,2,20,2009
436,5,20,2009
436,30,20,2009
436,45,20,2009
436,55,20,2009
436,112,20,2009
436,370,20,2009
437,1,20,2009
437,2,20,2009
437,3,20,2009
437,4,20,2009
437,5,20,2009
437,41,20,2009
437,42,20,2009
437,46,20,2009
437,371,20,2009
437,372,20,2009
438,1,20,2009
438,2,20,2009
438,3,20,2009
438,4,20,2009
438,42,20,2009
438,45,20,2009
438,58,20,2009
439,1,20,2009
439,2,20,2009
439,3,20,2009
439,4,20,2009
439,27,20,2009
439,110,20,2009
439,138,20,2009
439,373,20,2009
440,1,20,2009
440,2,20,2009
440,3,20,2009
440,4,20,2009
440,5,20,2009
440,10,20,2009
440,34,20,2009
440,35,20,2009
440,38,20,2009
440,45,20,2009
440,112,20,2009
440,119,20,2009
440,123,20,2009
441,1,20,2009
441,2,20,2009
441,3,20,2009
441,4,20,2009
441,5,20,2009
441,12,20,2009
441,27,20,2009
441,34,20,2009
441,45,20,2009
441,55,20,2009
441,110,20,2009
441,112,20,2009
442,1,21,2009
442,3,21,2009
442,46,21,2009
442,59,21,2009
442,374,21,2009
443,1,21,2009
443,2,21,2009
443,3,21,2009
443,4,21,2009
443,34,21,2009
443,36,21,2009
443,39,21,2009
443,42,21,2009
443,45,21,2009
443,46,21,2009
443,103,21,2009
443,123,21,2009
443,375,21,2009
444,2,21,2009
444,3,21,2009
444,4,21,2009
444,6,21,2009
444,8,21,2009
444,9,21,2009
444,10,21,2009
444,35,21,2009
444,95,21,2009
445,1,21,2009
445,2,21,2009
445,3,21,2009
445,4,21,2009
445,8,21,2009
445,9,21,2009
445,10,21,2009
445,12,21,2009
445,35,21,2009
445,45,21,2009
445,50,21,2009
445,98,21,2009
445,100,21,2009
445,103,21,2009
445,110,21,2009
445,123,21,2009
445,138,21,2009
445,146,21,2009
446,1,21,2009
446,2,21,2009
446,3,21,2009
446,4,21,2009
446,35,21,2009
446,36,21,2009
446,55,21,2009
446,112,21,2009
447,1,21,2009
447,2,21,2009
447,3,21,2009
447,4,21,2009
447,42,21,2009
447,110,21,2009
447,123,21,2009
447,126,21,2009
447,377,21,2009
448,1,21,2009
448,2,21,2009
448,3,21,2009
448,4,21,2009
448,5,21,2009
448,36,21,2009
448,378,21,2009
449,1,21,2009
449,2,21,2009
449,3,21,2009
449,4,21,2009
449,5,21,2009
449,8,21,2009
449,9,21,2009
449,10,21,2009
449,13,21,2009
449,27,21,2009
449,34,21,2009
449,38,21,2009
449,42,21,2009
449,91,21,2009
449,95,21,2009
450,1,21,2009
450,2,21,2009
450,3,21,2009
450,4,21,2009
450,35,21,2009
450,55,21,2009
450,95,21,2009
450,112,21,2009
450,131,21,2009
451,1,21,2009
451,3,21,2009
451,4,21,2009
451,35,21,2009
451,46,21,2009
451,55,21,2009
451,110,21,2009
451,112,21,2009
451,380,21,2009
452,1,21,2009
452,2,21,2009
452,3,21,2009
452,4,21,2009
452,35,21,2009
452,38,21,2009
452,92,21,2009
453,1,21,2009
453,2,21,2009
453,3,21,2009
453,4,21,2009
453,42,21,2009
453,382,21,2009
453,383,21,2009
453,606,21,2009
454,1,21,2009
454,2,21,2009
454,3,21,2009
454,4,21,2009
454,5,21,2009
454,46,21,2009
454,92,21,2009
454,110,21,2009
454,384,21,2009
454,385,21,2009
454,386,21,2009
454,387,21,2009
455,1,21,2009
455,2,21,2009
455,3,21,2009
455,4,21,2009
455,33,21,2009
455,34,21,2009
455,36,21,2009
455,42,21,2009
455,46,21,2009
455,95,21,2009
455,103,21,2009
455,123,21,2009
456,1,21,2009
456,3,21,2009
456,4,21,2009
456,58,21,2009
456,80,21,2009
456,95,21,2009
456,103,21,2009
456,104,21,2009
456,123,21,2009
456,138,21,2009
456,389,21,2009
457,1,21,2009
457,2,21,2009
457,11,21,2009
457,36,21,2009
457,98,21,2009
457,110,21,2009
457,391,21,2009
458,1,21,2009
458,2,21,2009
458,3,21,2009
458,4,21,2009
458,13,21,2009
458,35,21,2009
458,41,21,2009
458,43,21,2009
458,55,21,2009
458,71,21,2009
458,112,21,2009
459,1,21,2009
459,2,21,2009
459,3,21,2009
459,27,21,2009
459,36,21,2009
459,42,21,2009
459,71,21,2009
459,93,21,2009
460,1,21,2009
460,2,21,2009
460,3,21,2009
460,4,21,2009
460,46,21,2009
461,1,21,2009
461,2,21,2009
461,3,21,2009
461,4,21,2009
461,27,21,2009
461,35,21,2009
461,36,21,2009
461,43,21,2009
461,59,21,2009
462,1,21,2009
462,2,21,2009
462,11,21,2009
462,12,21,2009
462,16,21,2009
462,25,21,2009
462,33,21,2009
462,34,21,2009
462,45,21,2009
462,46,21,2009
462,110,21,2009
462,126,21,2009
462,142,21,2009
463,1,21,2009
463,2,21,2009
463,3,21,2009
463,4,21,2009
463,13,21,2009
463,27,21,2009
463,80,21,2009
463,110,21,2009
463,176,21,2009
463,392,21,2009
464,1,21,2009
464,2,21,2009
464,3,21,2009
464,4,21,2009
464,35,21,2009
464,41,21,2009
464,45,21,2009
464,110,21,2009
464,131,21,2009
464,138,21,2009
465,1,22,2011
465,2,22,2011
465,3,22,2011
465,4,22,2011
465,95,22,2011
465,110,22,2011
466,1,22,2011
466,2,22,2011
466,3,22,2011
466,4,22,2011
466,42,22,2011
466,88,22,2011
466,92,22,2011
466,95,22,2011
467,1,22,2011
467,2,22,2011
467,3,22,2011
467,4,22,2011
467,36,22,2011
467,80,22,2011
468,1,22,2011
468,2,22,2011
468,3,22,2011
468,4,22,2011
468,5,22,2011
468,46,22,2011
468,80,22,2011
469,1,22,2011
469,2,22,2011
469,3,22,2011
469,4,22,2011
469,5,22,2011
469,42,22,2011
469,95,22,2011
470,1,22,2011
470,2,22,2011
470,3,22,2011
470,4,22,2011
470,35,22,2011
470,43,22,2011
470,95,22,2011
471,1,22,2011
471,2,22,2011
471,3,22,2011
471,4,22,2011
471,41,22,2011
471,46,22,2011
471,614,22,2011
472,2,22,2011
472,3,22,2011
472,4,22,2011
472,615,22,2011
472,616,22,2011
473,1,22,2011
473,2,22,2011
473,27,22,2011
473,45,22,2011
473,71,22,2011
473,138,22,2011
474,2,22,2011
474,3,22,2011
474,46,22,2011
474,59,22,2011
474,98,22,2011
475,3,22,2011
475,42,22,2011
475,43,22,2011
475,45,22,2011
476,1,22,2011
476,3,22,2011
477,1,22,2011
477,2,22,2011
477,3,22,2011
477,45,22,2011
478,1,22,2011
478,2,22,2011
478,3,22,2011
478,4,22,2011
478,5,22,2011
478,80,22,2011
479,1,22,2011
479,3,22,2011
479,4,22,2011
479,25,22,2011
479,46,22,2011
479,95,22,2011
479,393,22,2011
480,1,22,2011
480,2,22,2011
480,3,22,2011
480,42,22,2011
480,57,22,2011
481,1,22,2011
481,2,22,2011
481,3,22,2011
481,4,22,2011
481,8,22,2011
481,45,22,2011
481,617,22,2011
482,1,22,2011
482,2,22,2011
482,3,22,2011
482,4,22,2011
482,5,22,2011
482,13,22,2011
483,1,22,2011
483,2,22,2011
483,3,22,2011
483,4,22,2011
483,34,22,2011
483,71,22,2011
483,84,22,2011
484,1,22,2011
484,3,22,2011
484,4,22,2011
484,16,22,2011
484,34,22,2011
484,45,22,2011
484,46,22,2011
484,113,22,2011
484,126,22,2011
485,1,22,2011
485,2,22,2011
485,3,22,2011
485,4,22,2011
485,5,22,2011
485,25,22,2011
485,42,22,2011
485,58,22,2011
485,80,22,2011
485,95,22,2011
485,123,22,2011
486,1,22,2011
486,2,22,2011
486,3,22,2011
486,35,22,2011
486,36,22,2011
486,58,22,2011
486,103,22,2011
487,1,23,2012
487,2,23,2012
487,3,23,2012
487,4,23,2012
487,35,23,2012
487,36,23,2012
487,50,23,2012
487,59,23,2012
487,103,23,2012
487,132,23,2012
488,3,23,2012
488,8,23,2012
488,9,23,2012
488,10,23,2012
488,17,23,2012
488,27,23,2012
488,42,23,2012
488,46,23,2012
488,58,23,2012
488,95,23,2012
489,1,23,2012
489,2,23,2012
489,3,23,2012
489,4,23,2012
489,5,23,2012
489,36,23,2012
489,46,23,2012
489,110,23,2012
490,1,23,2012
490,3,23,2012
490,21,23,2012
490,27,23,2012
490,35,23,2012
490,36,23,2012
490,38,23,2012
490,60,23,2012
490,80,23,2012
490,104,23,2012
491,1,23,2012
491,2,23,2012
491,3,23,2012
491,4,23,2012
491,34,23,2012
492,1,23,2012
492,3,23,2012
492,4,23,2012
492,33,23,2012
492,34,23,2012
492,42,23,2012
492,45,23,2012
492,80,23,2012
493,1,23,2012
493,2,23,2012
493,3,23,2012
493,4,23,2012
493,35,23,2012
493,110,23,2012
494,91,23,2012
494,110,23,2012
495,1,23,2012
495,2,23,2012
495,3,23,2012
495,4,23,2012
495,5,23,2012
495,10,23,2012
495,46,23,2012
495,395,23,2012
496,1,23,2012
496,3,23,2012
496,4,23,2012
497,3,23,2012
497,4,23,2012
497,26,23,2012
497,33,23,2012
497,34,23,2012
497,46,23,2012
497,627,23,2012
498,1,23,2012
498,2,23,2012
498,3,23,2012
498,4,23,2012
498,5,23,2012
498,35,23,2012
498,41,23,2012
498,45,23,2012
498,46,23,2012
498,95,23,2012
498,137,23,2012
499,3,23,2012
499,4,23,2012
499,46,23,2012
500,1,23,2012
500,2,23,2012
500,3,23,2012
500,5,23,2012
500,9,23,2012
500,27,23,2012
500,35,23,2012
500,43,23,2012
500,45,23,2012
500,55,23,2012
500,75,23,2012
500,112,23,2012
501,1,23,2012
501,2,23,2012
501,3,23,2012
501,12,23,2012
501,27,23,2012
501,126,23,2012
502,1,23,2012
502,2,23,2012
502,3,23,2012
502,27,23,2012
502,35,23,2012
502,43,23,2012
502,80,23,2012
502,130,23,2012
503,1,23,2012
503,3,23,2012
503,35,23,2012
503,43,23,2012
504,1,23,2012
504,2,23,2012
504,3,23,2012
504,4,23,2012
504,9,23,2012
504,46,23,2012
505,1,23,2012
505,2,23,2012
505,3,23,2012
505,4,23,2012
505,630,23,2012
506,1,23,2012
506,2,23,2012
506,3,23,2012
506,4,23,2012
506,35,23,2012
506,43,23,2012
506,55,23,2012
506,95,23,2012
506,110,23,2012
506,112,23,2012
507,1,23,2012
507,2,23,2012
507,36,23,2012
507,359,23,2012
508,3,23,2012
508,4,23,2012
508,45,23,2012
508,631,23,2012
509,1,24,2012
509,2,24,2012
509,3,24,2012
509,4,24,2012
509,5,24,2012
509,46,24,2012
509,133,24,2012
510,1,24,2012
510,2,24,2012
510,3,24,2012
510,4,24,2012
510,5,24,2012
510,33,24,2012
510,34,24,2012
510,45,24,2012
510,75,24,2012
510,80,24,2012
510,95,24,2012
510,112,24,2012
510,138,24,2012
510,147,24,2012
511,1,24,2012
511,2,24,2012
511,3,24,2012
511,4,24,2012
511,34,24,2012
511,42,24,2012
511,45,24,2012
511,46,24,2012
511,95,24,2012
511,138,24,2012
512,1,24,2012
512,2,24,2012
512,3,24,2012
512,4,24,2012
512,13,24,2012
512,92,24,2012
512,634,24,2012
513,1,24,2012
513,3,24,2012
513,4,24,2012
513,71,24,2012
513,132,24,2012
513,145,24,2012
514,1,24,2012
514,2,24,2012
514,4,24,2012
514,36,24,2012
514,50,24,2012
515,1,24,2012
515,2,24,2012
515,3,24,2012
515,5,24,2012
516,1,24,2012
516,3,24,2012
516,4,24,2012
516,35,24,2012
516,41,24,2012
516,80,24,2012
516,109,24,2012
516,110,24,2012
517,1,24,2012
517,2,24,2012
517,4,24,2012
517,58,24,2012
517,75,24,2012
518,1,24,2012
518,2,24,2012
518,3,24,2012
518,4,24,2012
518,27,24,2012
518,35,24,2012
519,1,24,2012
519,2,24,2012
519,3,24,2012
519,4,24,2012
519,5,24,2012
519,16,24,2012
519,33,24,2012
519,34,24,2012
519,41,24,2012
519,55,24,2012
519,112,24,2012
519,134,24,2012
520,1,24,2012
520,2,24,2012
520,3,24,2012
520,4,24,2012
521,1,24,2012
521,2,24,2012
521,3,24,2012
521,4,24,2012
521,5,24,2012
521,8,24,2012
521,9,24,2012
521,10,24,2012
521,46,24,2012
521,66,24,2012
522,1,24,2012
522,2,24,2012
522,3,24,2012
522,35,24,2012
522,43,24,2012
522,92,24,2012
523,1,24,2012
523,2,24,2012
523,3,24,2012
523,4,24,2012
523,42,24,2012
523,100,24,2012
523,103,24,2012
524,1,24,2012
524,3,24,2012
524,4,24,2012
524,35,24,2012
524,43,24,2012
524,45,24,2012
524,55,24,2012
524,57,24,2012
524,112,24,2012
524,123,24,2012
525,1,24,2012
525,2,24,2012
525,3,24,2012
525,4,24,2012
525,45,24,2012
525,46,24,2012
526,1,24,2012
526,2,24,2012
526,3,24,2012
526,4,24,2012
526,11,24,2012
527,1,24,2012
527,2,24,2012
527,3,24,2012
527,4,24,2012
527,8,24,2012
527,9,24,2012
527,10,24,2012
527,45,24,2012
528,1,24,2012
528,2,24,2012
528,3,24,2012
528,33,24,2012
528,34,24,2012
528,42,24,2012
528,59,24,2012
528,80,24,2012
528,119,24,2012
529,1,24,2012
529,2,24,2012
529,3,24,2012
529,4,24,2012
529,45,24,2012
529,55,24,2012
529,112,24,2012
530,1,24,2012
530,2,24,2012
530,3,24,2012
530,4,24,2012
530,11,24,2012
530,34,24,2012
530,36,24,2012
531,1,25,2013
531,2,25,2013
531,4,25,2013
531,27,25,2013
531,35,25,2013
531,45,25,2013
531,55,25,2013
531,112,25,2013
532,1,25,2013
532,2,25,2013
532,3,25,2013
532,4,25,2013
532,5,25,2013
532,12,25,2013
532,33,25,2013
532,34,25,2013
532,38,25,2013
532,45,25,2013
532,53,25,2013
532,59,25,2013
532,110,25,2013
533,1,25,2013
533,2,25,2013
533,3,25,2013
533,35,25,2013
533,43,25,2013
533,46,25,2013
533,50,25,2013
533,103,25,2013
534,1,25,2013
534,2,25,2013
534,3,25,2013
534,4,25,2013
534,46,25,2013
534,50,25,2013
534,95,25,2013
534,142,25,2013
535,1,25,2013
535,2,25,2013
535,4,25,2013
535,38,25,2013
535,45,25,2013
535,55,25,2013
535,70,25,2013
535,112,25,2013
536,4,25,2013
536,58,25,2013
537,1,25,2013
537,2,25,2013
537,3,25,2013
537,4,25,2013
537,42,25,2013
537,110,25,2013
538,1,25,2013
538,2,25,2013
538,3,25,2013
539,1,25,2013
539,2,25,2013
539,3,25,2013
539,4,25,2013
539,106,25,2013
540,1,25,2013
540,2,25,2013
540,3,25,2013
540,46,25,2013
540,59,25,2013
540,106,25,2013
540,132,25,2013
540,516,25,2013
541,1,25,2013
541,2,25,2013
541,3,25,2013
541,95,25,2013
542,1,25,2013
542,3,25,2013
543,1,25,2013
543,2,25,2013
543,3,25,2013
543,4,25,2013
543,13,25,2013
544,1,25,2013
544,2,25,2013
544,3,25,2013
545,1,25,2013
545,2,25,2013
545,4,25,2013
545,16,25,2013
545,46,25,2013
546,1,25,2013
546,4,25,2013
